Estado,Fecha,Tasa_Predicha
Aguascalientes,2026-01-01,1.9571714912098257
Aguascalientes,2026-02-01,1.9521293663575705
Aguascalientes,2026-03-01,1.9470872415053153
Aguascalientes,2026-04-01,1.9420451166530601
Aguascalientes,2026-05-01,1.937002991800805
Aguascalientes,2026-06-01,1.9319608669485495
Baja California,2026-01-01,6.4951662852575485
Baja California,2026-02-01,6.54569297795563
Baja California,2026-03-01,6.59621967065371
Baja California,2026-04-01,6.646746363351791
Baja California,2026-05-01,6.697273056049871
Baja California,2026-06-01,6.747799748747952
Baja California Sur,2026-01-01,1.9646732577767057
Baja California Sur,2026-02-01,2.017324368421547
Baja California Sur,2026-03-01,2.069975479066388
Baja California Sur,2026-04-01,2.122626589711229
Baja California Sur,2026-05-01,2.17527770035607
Baja California Sur,2026-06-01,2.2279288110009103
Campeche,2026-01-01,2.4869421847152497
Campeche,2026-02-01,2.485796121677738
Campeche,2026-03-01,2.4846500586402263
Campeche,2026-04-01,2.483503995602714
Campeche,2026-05-01,2.482357932565202
Campeche,2026-06-01,2.48121186952769
Chiapas,2026-01-01,1.8037007240547065
Chiapas,2026-02-01,1.7846851459079938
Chiapas,2026-03-01,1.7656695677612815
Chiapas,2026-04-01,1.7466539896145687
Chiapas,2026-05-01,1.7276384114678565
Chiapas,2026-06-01,1.7086228333211437
Chihuahua,2026-01-01,5.143117581791905
Chihuahua,2026-02-01,5.163249518558876
Chihuahua,2026-03-01,5.183381455325848
Chihuahua,2026-04-01,5.20351339209282
Chihuahua,2026-05-01,5.223645328859792
Chihuahua,2026-06-01,5.243777265626764
Ciudad de México,2026-01-01,2.2356714483981284
Ciudad de México,2026-02-01,2.23641700832986
Ciudad de México,2026-03-01,2.2371625682615917
Ciudad de México,2026-04-01,2.237908128193323
Ciudad de México,2026-05-01,2.2386536881250545
Ciudad de México,2026-06-01,2.2393992480567864
Coahuila de Zaragoza,2026-01-01,1.0157403772456208
Coahuila de Zaragoza,2026-02-01,1.0122989753969507
Coahuila de Zaragoza,2026-03-01,1.0088575735482805
Coahuila de Zaragoza,2026-04-01,1.0054161716996104
Coahuila de Zaragoza,2026-05-01,1.0019747698509405
Coahuila de Zaragoza,2026-06-01,0.9985333680022703
Colima,2026-01-01,12.083239843935033
Colima,2026-02-01,12.161813433689954
Colima,2026-03-01,12.240387023444875
Colima,2026-04-01,12.318960613199797
Colima,2026-05-01,12.39753420295472
Colima,2026-06-01,12.47610779270964
Durango,2026-01-01,1.246157860797258
Durango,2026-02-01,1.254455170689636
Durango,2026-03-01,1.262752480582014
Durango,2026-04-01,1.271049790474392
Durango,2026-05-01,1.2793471003667696
Durango,2026-06-01,1.2876444102591476
Guanajuato,2026-01-01,6.910751440952783
Guanajuato,2026-02-01,6.918365344234776
Guanajuato,2026-03-01,6.92597924751677
Guanajuato,2026-04-01,6.933593150798764
Guanajuato,2026-05-01,6.941207054080758
Guanajuato,2026-06-01,6.94882095736275
Guerrero,2026-01-01,3.1988647385116984
Guerrero,2026-02-01,3.1898605228287593
Guerrero,2026-03-01,3.1808563071458202
Guerrero,2026-04-01,3.171852091462881
Guerrero,2026-05-01,3.162847875779942
Guerrero,2026-06-01,3.153843660097003
Hidalgo,2026-01-01,2.0455874923555526
Hidalgo,2026-02-01,2.0179103647821237
Hidalgo,2026-03-01,1.9902332372086944
Hidalgo,2026-04-01,1.9625561096352655
Hidalgo,2026-05-01,1.9348789820618366
Hidalgo,2026-06-01,1.9072018544884077
Jalisco,2026-01-01,3.087349808661284
Jalisco,2026-02-01,3.0853324519494416
Jalisco,2026-03-01,3.083315095237599
Jalisco,2026-04-01,3.0812977385257563
Jalisco,2026-05-01,3.0792803818139136
Jalisco,2026-06-01,3.0772630251020714
Michoacán de Ocampo,2026-01-01,5.42989238740534
Michoacán de Ocampo,2026-02-01,5.448265912137791
Michoacán de Ocampo,2026-03-01,5.466639436870242
Michoacán de Ocampo,2026-04-01,5.485012961602693
Michoacán de Ocampo,2026-05-01,5.503386486335144
Michoacán de Ocampo,2026-06-01,5.521760011067594
Morelos,2026-01-01,8.615661809339683
Morelos,2026-02-01,8.625231220906995
Morelos,2026-03-01,8.63480063247431
Morelos,2026-04-01,8.644370044041622
Morelos,2026-05-01,8.653939455608937
Morelos,2026-06-01,8.66350886717625
México,2026-01-01,3.690508619287689
México,2026-02-01,3.6957275018850075
México,2026-03-01,3.700946384482325
México,2026-04-01,3.7061652670796437
México,2026-05-01,3.7113841496769617
México,2026-06-01,3.7166030322742802
Nayarit,2026-01-01,3.182356819807019
Nayarit,2026-02-01,3.221792212375335
Nayarit,2026-03-01,3.2612276049436497
Nayarit,2026-04-01,3.3006629975119655
Nayarit,2026-05-01,3.3400983900802808
Nayarit,2026-06-01,3.3795337826485965
Nuevo León,2026-01-01,4.0289414525479
Nuevo León,2026-02-01,4.044028782947521
Nuevo León,2026-03-01,4.059116113347141
Nuevo León,2026-04-01,4.074203443746762
Nuevo León,2026-05-01,4.089290774146383
Nuevo León,2026-06-01,4.104378104546003
Oaxaca,2026-01-01,4.882820260971521
Oaxaca,2026-02-01,4.868144333384975
Oaxaca,2026-03-01,4.853468405798429
Oaxaca,2026-04-01,4.838792478211882
Oaxaca,2026-05-01,4.824116550625336
Oaxaca,2026-06-01,4.809440623038789
Puebla,2026-01-01,2.1836646402347952
Puebla,2026-02-01,2.183508893976599
Puebla,2026-03-01,2.183353147718403
Puebla,2026-04-01,2.183197401460207
Puebla,2026-05-01,2.183041655202011
Puebla,2026-06-01,2.1828859089438146
Querétaro,2026-01-01,2.8839881671206973
Querétaro,2026-02-01,2.8934091951616594
Querétaro,2026-03-01,2.902830223202622
Querétaro,2026-04-01,2.9122512512435845
Querétaro,2026-05-01,2.9216722792845466
Querétaro,2026-06-01,2.9310933073255088
Quintana Roo,2026-01-01,8.677304977461311
Quintana Roo,2026-02-01,8.706639894758709
Quintana Roo,2026-03-01,8.735974812056106
Quintana Roo,2026-04-01,8.765309729353504
Quintana Roo,2026-05-01,8.794644646650902
Quintana Roo,2026-06-01,8.8239795639483
San Luis Potosí,2026-01-01,2.69934985927956
San Luis Potosí,2026-02-01,2.697484014627328
San Luis Potosí,2026-03-01,2.6956181699750954
San Luis Potosí,2026-04-01,2.6937523253228632
San Luis Potosí,2026-05-01,2.691886480670631
San Luis Potosí,2026-06-01,2.690020636018399
Sinaloa,2026-01-01,3.950610935905053
Sinaloa,2026-02-01,3.9760296645323376
Sinaloa,2026-03-01,4.001448393159622
Sinaloa,2026-04-01,4.026867121786907
Sinaloa,2026-05-01,4.052285850414192
Sinaloa,2026-06-01,4.077704579041477
Sonora,2026-01-01,4.830106090092775
Sonora,2026-02-01,4.848358930340531
Sonora,2026-03-01,4.866611770588286
Sonora,2026-04-01,4.8848646108360425
Sonora,2026-05-01,4.903117451083799
Sonora,2026-06-01,4.921370291331555
Tabasco,2026-01-01,4.008851834399581
Tabasco,2026-02-01,4.008943816527717
Tabasco,2026-03-01,4.0090357986558525
Tabasco,2026-04-01,4.009127780783987
Tabasco,2026-05-01,4.009219762912123
Tabasco,2026-06-01,4.009311745040258
Tamaulipas,2026-01-01,2.3271151420757716
Tamaulipas,2026-02-01,2.3256938718642366
Tamaulipas,2026-03-01,2.324272601652702
Tamaulipas,2026-04-01,2.3228513314411665
Tamaulipas,2026-05-01,2.3214300612296315
Tamaulipas,2026-06-01,2.3200087910180964
Tlaxcala,2026-01-01,0.6862069024231181
Tlaxcala,2026-02-01,0.673506275471877
Tlaxcala,2026-03-01,0.6608056485206357
Tlaxcala,2026-04-01,0.6481050215693944
Tlaxcala,2026-05-01,0.6354043946181533
Tlaxcala,2026-06-01,0.6227037676669123
Veracruz de Ignacio de la Llave,2026-01-01,3.17678465124619
Veracruz de Ignacio de la Llave,2026-02-01,3.1778761471628605
Veracruz de Ignacio de la Llave,2026-03-01,3.178967643079531
Veracruz de Ignacio de la Llave,2026-04-01,3.180059138996202
Veracruz de Ignacio de la Llave,2026-05-01,3.1811506349128726
Veracruz de Ignacio de la Llave,2026-06-01,3.1822421308295437
Yucatán,2026-01-01,0.773917519140449
Yucatán,2026-02-01,0.7784796429845648
Yucatán,2026-03-01,0.7830417668286805
Yucatán,2026-04-01,0.7876038906727962
Yucatán,2026-05-01,0.792166014516912
Yucatán,2026-06-01,0.7967281383610277
Zacatecas,2026-01-01,6.442862102436573
Zacatecas,2026-02-01,6.4963482681084255
Zacatecas,2026-03-01,6.549834433780278
Zacatecas,2026-04-01,6.60332059945213
Zacatecas,2026-05-01,6.6568067651239815
Zacatecas,2026-06-01,6.710292930795835
